cpu_percent_avg,cpu_percent_max,duration_s,elapsed_s,estimated_fps,gpu_memory_mb_avg,gpu_memory_mb_max,label,map50,map50_95,map75,path,precision,ram_used_mb_avg,ram_used_mb_max,recall,speed_inference_ms,speed_postprocess_ms,speed_preprocess_ms,speed_total_ms
24.0,33.0,24.73973512649536,22.741806030273438,91.12717440806739,31045.5,31775.0,PT-FP32,0.9703406201263804,0.7047900327357477,0.836527435219835,best.pt,0.9719028381206463,31704.28955078125,32566.78515625,0.9225806451612903,9.31690198627157,0.8663043245124915,0.7904687372537607,10.973675048037823
28.820000000000004,34.2,15.606294870376587,13.605236768722534,269.5980222455798,34384.0,35317.0,TRT-FP16,0.9711548997100237,0.7044230712031238,0.8381681226637264,best.engine,0.973239989140415,35114.05625,36172.36328125,0.9253456221198156,2.338845270587983,0.5541057588083741,0.8162749941131516,3.709226023509509
