config,cpu_percent_avg,cpu_percent_max,duration_s,exit_code,fps_avg,fps_max,gpu_memory_mb_avg,gpu_memory_mb_max,precision,ram_used_mb_avg,ram_used_mb_max,stream_count
benchmarks/configs/deepstream_app_fp16_s01.txt,24.333333333333332,36.9,18.085196256637573,0,194.24,196.99,30207.0,30844.0,fp16,30646.895833333332,31404.50390625,1
benchmarks/configs/deepstream_app_fp16_s02.txt,29.214285714285715,37.4,21.09278416633606,0,146.11,148.92,30319.714285714286,30839.0,fp16,30788.37667410714,31460.5546875,2
benchmarks/configs/deepstream_app_fp16_s04.txt,32.46666666666667,41.9,27.123433351516724,0,95.7,96.82,30449.777777777777,30897.0,fp16,30962.462239583332,31517.82421875,4
benchmarks/configs/deepstream_app_fp16_s08.txt,33.92857142857143,39.7,42.19787406921387,0,55.73000000000002,56.34000000000002,30621.5,31028.0,fp16,31170.825613839286,31623.28125,8
benchmarks/configs/deepstream_app_fp16_s16.txt,32.04782608695652,38.4,69.3148787021637,0,30.1815625,30.699999999999992,31133.260869565216,31387.0,fp16,31729.132982336956,32033.7734375,16
benchmarks/configs/deepstream_app_fp16_s32.txt,16.133333333333333,18.0,9.043190240859985,-11,,,29342.666666666668,29949.0,fp16,29561.819010416668,30504.78515625,32
